country_code,country,shannon_entropy,exponent_shannon,total_speakers,richness
AD,Andorra,1.378014544,3.967017464,79000,9
AE,United Arab Emirates,2.218360145,9.192244549,9431400,30
AF,Afghanistan,2.052830092,7.789916122,39345150,55
AG,Antigua and Barbuda,0.128970728,1.137656822,91700,2
AI,Anguilla,0.266602225,1.305521039,15000,3
AL,Albania,0.541413884,1.718434812,7444930,12
AM,Armenia,0.901095619,2.462299375,4297480,15
AO,Angola,2.493659883,12.10549986,25867580,58
AR,Argentina,0.632447199,1.882211093,44748791,51
AS,American Samoa,0.584865093,1.794748846,43170,7
AT,Austria,1.047497899,2.850509925,8928900,43
AU,Australia,1.239295642,3.453180332,26239583,242
AW,Aruba,0.736385486,2.088373401,104200,8
AZ,Azerbaijan,0.868508759,2.383354047,9571160,36
BA,Bosnia and Herzegovina,1.104417679,3.017466824,3171500,12
BB,Barbados,0.7470541,2.110772724,535600,4
BD,Bangladesh,0.572209528,1.772178406,176580325,48
BE,Belgium,2.187993122,8.917299212,7430900,78
BF,Burkina Faso,2.452697621,11.61964989,16390630,79
BG,Bulgaria,0.59841257,1.819228608,6813500,24
BH,Bahrain,1.751071945,5.760774599,1399570,14
BI,Burundi,0.079865931,1.083141843,10543400,10
BJ,Benin,3.261102206,26.07826492,12283440,61
BM,Bermuda,0.234273661,1.26399035,62400,3
BN,Brunei,1.926823348,6.86765939,398835,22
BO,Bolivia,1.25358579,3.502881061,13041015,43
BR,Brazil,0.214633443,1.2394075,213504460,184
BS,Bahamas,0.880438442,2.411956977,408200,5
BT,Bhutan,2.223980266,9.244051526,755900,37
BW,Botswana,1.318190523,3.736653868,2561190,37
BY,Belarus,0.907881685,2.479065526,4751000,25
BZ,Belize,1.442054696,4.229376979,382400,11
CA,Canada,2.131775639,8.429821851,37956934,242
CC,Cocos Islands,0.636514168,1.889881575,600,2
CD,"Congo, Democratic Republic Of",2.443569404,11.51406583,81398107,185
CF,Central African Republic,3.583716564,36.00711521,4225403,82
CG,Congo,3.862535853,47.58586925,94424540,242
CH,Switzerland,1.747769428,5.741780927,8710000,45
CI,Côte D'Ivoire,3.265640456,26.19688358,23331010,103
CK,Cook Islands,0.73701174,2.089681664,14820,6
CL,Chile,0.195944532,1.216459429,18132412,21
CM,Cameroon,3.981443316,53.59433201,19284605,289
CN,China,1.521646189,4.579758142,1374040610,317
CO,Colombia,0.111834984,1.118328304,51126163,90
CR,Costa Rica,0.226848286,1.254639507,5146540,14
CU,Cuba,0.121422139,1.129101449,11086500,12
CV,Cabo Verde,0.811972618,2.252346626,579500,5
CW,Curacao,1.142057609,3.133208657,188800,10
CX,Christmas Island,1.057905425,2.880331595,1300,3
CY,Cyprus,1.239996707,3.455602086,1222500,23
CZ,Czechia,0.287337497,1.332873979,10376800,33
DE,Germany,1.597584194,4.941081299,88709870,94
DJ,Djibouti,1.255108332,3.508218406,1095800,10
DK,Denmark,0.877303593,2.404407696,5832700,67
DM,Dominica,0.665694506,1.94584145,70000,5
DO,Dominican Republic,0.349640156,1.418556997,11305500,9
DZ,Algeria,0.8224115,2.275981755,43459900,27
EC,Ecuador,0.439831057,1.552444921,17677260,27
EE,Estonia,1.07636561,2.933996863,1338540,19
EG,Egypt,1.135002545,3.111181461,105534400,35
ER,Eritrea,1.653915965,5.227410154,3714800,2
ES,Spain,1.365507231,3.917709733,44660700,16
ET,Ethiopia,2.508391101,12.28514858,108367140,72
FI,Finland,0.662566327,1.93976402,5481070,101
FJ,Fiji,2.054570926,7.803488877,901660,54
FK,Falkland Islands,0,1,3800,23
FM,Micronesia,2.113844245,8.280010569,108780,1
FO,Faroe Islands,0.128923913,1.137603564,49400,24
FR,France,1.089458513,2.972663976,64837560,2
GA,Gabon,2.413634266,11.17449853,1763370,93
GB,United Kingdom,0.986732168,2.682454323,67569590,51
GD,Grenada,0.420684803,1.523004156,118400,96
GE,Georgia,0.971284672,2.64133553,3643600,4
GF,French Guiana,1.943866101,6.985706279,298440,36
GH,Ghana,2.875788281,17.73940225,33364436,20
GI,Gibraltar,0.38701978,1.472585618,32800,101
GL,Greenland,0.619327523,1.857678376,56100,4
GM,Gambia,1.901975639,6.699116412,2631230,3
GN,Guinea,1.975849515,7.212744385,12678600,28
GP,Guadeloupe,0.283439399,1.327688418,385000,45
GQ,Equatorial Guinea,1.492843622,4.449730897,986850,5
GR,Greece,0.930043855,2.534620332,10193330,18
GT,Guatemala,1.25519841,3.508534434,15739750,48
GU,Guam,1.80982164,6.109357669,128200,27
GW,Guinea-Bissau,2.319075033,10.1662665,1915300,14
GY,Guyana,1.256313676,3.512449564,790711,31
HK,"China, Hong Kong",0.672079092,1.958304587,7324200,18
HN,Honduras,0.18678946,1.20537348,10400500,20
HR,Croatia,0.49164835,1.635009068,3896900,14
HT,Haiti,0.065570857,1.067768393,7031400,23
HU,Hungary,0.320469221,1.377774094,10085300,5
ID,Indonesia,2.879374969,17.80314218,193119619,26
IE,Ireland,0.706345829,2.02657227,5004600,712
IL,Israel,1.550193511,4.712381991,9053856,34
IM,Isle of Man,0.096872877,1.101720311,84260,41
IN,India,2.468420873,11.80379244,1402850883,2
IO,British Indian Ocean Territory,0.244930027,1.277531917,3000,414
IQ,Iraq,1.752594235,5.76955085,63468970,2
IR,Iran,1.928888731,6.881858395,80441900,29
IS,Iceland,0.357311722,1.429481401,321700,80
IT,Italy,1.800478416,6.052542403,58917630,11
JE,Jersey,0,1,220,90
JM,Jamaica,0.426048252,1.531194656,2803940,1
JO,Jordan,1.221066898,3.390803445,16779900,9
JP,Japan,0.218965472,1.244788296,123009076,17
KE,Kenya,3.116153804,22.55944451,48958690,34
KG,Kyrgyzstan,1.093586312,2.984959898,6326500,87
KH,Cambodia,0.565276737,1.759934754,16416550,34
KI,Kiribati,0.165017737,1.179414037,106500,34
KM,Comoros,1.058589066,2.882301382,825500,3
KN,Saint Kitts and Nevis,0.220525293,1.246731458,47200,12
KP,"Korea, North",0.044768275,1.045785497,25772800,3
KR,"Korea, South",0.226403728,1.254081871,51609200,4
KW,Kuwait,1.821461451,6.18088491,4231100,19
KY,Cayman Islands,0.504083285,1.655467234,68500,22
KZ,Kazakhstan,1.259946977,3.525234565,16355620,4
LA,Laos,2.390417558,10.91805191,7159640,60
LB,Lebanon,0.786155417,2.194941548,5285100,97
LC,Saint Lucia,0.249661276,1.28359056,138400,19
LI,Liechtenstein,0.882640045,2.417272999,39800,4
LK,Sri Lanka,0.609105789,1.8387864,21676500,7
LR,Liberia,2.999595538,20.07741473,5768220,19
LS,Lesotho,0.561608018,1.753489878,2061200,37
LT,Lithuania,0.932469652,2.540776269,3183675,8
LU,Luxembourg,1.509600311,4.52492187,612700,15
LV,Latvia,1.300509276,3.67116583,1981400,17
LY,Libya,1.618624288,5.046143501,6824590,19
MA,Morocco,1.065173974,2.901343699,37539500,33
MC,Monaco,1.726355257,5.620132594,34800,19
MD,Moldova,0.766536874,2.152299647,3347000,12
ME,Montenegro,1.178229898,3.248618723,819800,22
MG,Madagascar,2.140991236,8.507866755,19759500,16
MH,Marshall Islands,0.32716306,1.387027627,40100,26
MK,North Macedonia,1.119589491,3.063596311,2068000,4
ML,Mali,2.74249557,15.52568222,21587020,17
MM,Myanmar,1.986345316,7.288846591,51962305,71
MN,Mongolia,0.949742286,2.585043372,9394480,138
MO,"China, Macau",0.712801733,2.03969795,668750,17
MP,Northern Mariana Islands,1.677817035,5.353855924,48210,9
MQ,Martinique,0.278059333,1.320564548,352200,10
MR,Mauritania,0.703470629,2.020753837,4309700,6
MS,Montserrat,0.121692403,1.129406646,3800,12
MT,Malta,0.19557572,1.216010866,470000,2
MU,Mauritius,0.963782799,2.621594706,1238000,8
MV,Maldives,0.173240832,1.189152456,341100,17
MW,Malawi,1.488478026,4.430347512,18179500,6
MX,Mexico,0.525678507,1.691606226,126132056,23
MY,Malaysia,2.470512441,11.82850671,32758241,302
MZ,Mozambique,2.957176642,19.24356352,30601000,161
NA,Namibia,1.799023485,6.043742775,1496210,54
NC,New Caledonia,2.057647768,7.827535959,270950,15
NE,Niger,1.49705418,4.468506246,24231300,42
NF,Norfolk Island,0.465999257,1.593605815,1700,31
NG,Nigeria,3.085596153,21.88050708,203919222,2
NI,Nicaragua,0.168490924,1.183517485,6881990,522
NL,Netherlands,1.712535703,5.542999073,18591600,12
NO,Norway,1.002494293,2.725070482,5430100,88
NP,Nepal,1.861401859,6.432748261,46239073,54
NR,Nauru,1.365600618,3.91807561,12400,109
NU,Niue,0,1,1340,7
NZ,New Zealand,1.303953375,3.683831487,4677020,1
OM,Oman,2.08851275,8.07289981,4574940,75
PA,Panama,0.996486819,2.708748767,4176720,33
PE,Peru,0.974152781,2.648922042,31427565,22
PF,French Polynesia,0.913741289,2.49363451,268930,96
PG,Papua New Guinea,4.575660053,97.09210388,6680094,10
PH,Philippines,2.353348823,10.5207429,88107951,845
PK,Pakistan,2.090234527,8.086811516,257531490,187
PL,Poland,0.183046857,1.200870676,37765270,74
PM,Saint Pierre and Miquelon,0.201003011,1.222628453,5900,31
PN,Pitcairn,0,1,50,2
PR,Puerto Rico,0.152495071,1.164736721,3137300,1
PS,Palestine,0.391346177,1.478970411,5311500,7
PT,Portugal,0.353719389,1.424355441,10181800,9
PW,Palau,1.175803383,3.240745459,17180,31
PY,Paraguay,0.595514936,1.813964781,6766110,6
QA,Qatar,1.972045466,7.185358877,2644700,36
RE,Reunion,1.354904399,3.876390351,853600,19
RO,Romania,0.643259883,1.902673272,21011990,14
RS,Serbia,0.789957093,2.203301887,25818296,31
RU,Russian Federation,0.938771627,2.556838738,141178689,32
RW,Rwanda,0.319405803,1.376309723,12481400,142
SA,Saudi Arabia,1.777201502,5.913284924,59260060,10
SB,Solomon Islands,3.745111727,42.31373456,454146,41
SC,Seychelles,0.295187391,1.343378072,92900,76
SD,Sudan,1.052345815,2.864362508,45090200,5
SE,Sweden,0.823333132,2.278080339,10572790,94
SG,Singapore,2.335620445,10.33587078,3964600,72
SH,Saint Helena,0,1,4800,38
SI,Slovenia,0.696677154,2.007072421,2095600,1
SJ,Svalbard and Jan Mayen,0.678209394,1.970346457,2900,15
SK,Slovakia,0.626946712,1.871886436,5746800,2
SL,Sierra Leone,2.118489645,8.318564009,8574615,27
SM,San Marino,0,1,33000,26
SN,Senegal,1.305243629,3.688587632,52462140,1
SO,Somalia,0.850583885,2.341013336,15291859,49
SR,Suriname,1.993003943,7.337542247,571370,19
SS,South Sudan,2.935235229,18.82593101,15906340,20
ST,Sao Tome and Principe,1.013099711,2.75412479,71900,74
SV,El Salvador,0.05293783,1.054364093,6274200,5
SX,Sint Maarten,1.619535671,5.050744567,42200,8
SY,Syria,1.072120279,2.921567475,22870000,8
SZ,Eswatini,0.600611713,1.823233755,1122500,29
TC,Turks and Caicos Islands,0.668001111,1.950334918,44100,9
TD,Chad,3.55985636,35.15814667,11263856,3
TG,Togo,2.900727387,18.18736981,7370905,133
TH,Thailand,1.650062746,5.207306555,66914360,57
TJ,Tajikistan,0.68819362,1.990117376,7894100,92
TK,Tokelau,0,1,1160,31
TL,Timor-Leste,2.242702182,9.418748102,1220656,1
TM,Turkmenistan,1.174971107,3.238049387,5827700,23
TN,Tunisia,0.335277772,1.398328748,11684100,47
TO,Tonga,0.080628061,1.083967652,104100,8
TR,Turkey,1.000658343,2.720071978,86461604,3
TT,Trinidad and Tobago,0.323880066,1.382481491,1500460,69
TV,Tuvalu,0.055546075,1.057117723,10100,11
TW,Taiwan,1.147352689,3.149843247,9956839,2
TZ,Tanzania,3.813498834,45.30868944,44751370,26
UA,Ukraine,0.840030247,2.316437041,36321430,145
UG,Uganda,3.026711225,20.62927585,42615470,72
US,United States,1.270026639,3.56094742,338108087,65
UY,Uruguay,0.525999792,1.6921498,3365600,402
UZ,Uzbekistan,1.177885317,3.247499505,63368850,23
VA,Vatican,0,1,1000,56
VC,St Vincent and Grenadines,0.564195293,1.758032513,100600,1
VE,Venezuela,0.258482177,1.29496307,28506782,7
VG,British Virgin Islands,0.411067177,1.508426685,31400,54
VI,Virgin Islands (U.S.),1.048226263,2.852586888,97400,3
VN,Vietnam,1.035472513,2.816436725,99584810,5
VU,Vanuatu,3.995188968,54.33610744,199925,115
WF,Wallis and Futuna,0.687489865,1.988717314,7840,115
WI,Western Sahara,0.083610427,1.087205266,512700,3
WS,Samoa,0.415662987,1.515375082,202400,3
XK,Kosovo,0.393955777,1.482834971,1619800,8
YE,Yemen,1.3641156,3.912261516,27886600,27
YT,Mayotte,0.896110958,2.450056187,259100,7
ZA,South Africa,2.313812951,10.11291127,60273903,45
ZM,Zambia,2.537490396,12.64788991,12309640,53
ZW,Zimbabwe,1.710835857,5.533584832,15902440,36
